query,relevant_doc_ids,query_type,notes
"What is our 30-day readmission rate?",doc_142;doc_891,metric_definition,"Tests metric retrieval. Both docs define readmission rate, doc_142 is the canonical, doc_891 is a HRRP variant."
"How do we calculate length of stay?",doc_055;doc_211,metric_definition,"Two valid definitions; either should be retrieved."
"How are hospice discharges handled in readmission calculations?",doc_237;doc_558;doc_891,clinical_rule,"Tests rule retrieval across multiple docs."
"What discharges count as planned readmissions?",doc_405,clinical_rule,"Exact match exists, tests precision."
"Which encounters should I exclude from quality metrics?",doc_237;doc_405;doc_558,clinical_rule,"Multi-doc retrieval, related rules spread across documents."
"What's the difference between observation and inpatient?",doc_731,clinical_definition,"Definitional content, single canonical doc."
"How do I filter for adult patients?",doc_098,query_pattern,"Operational guidance."
"Where do I find the discharge disposition codes?",doc_604,reference_data,"Reference content retrieval."
"What's the HRRP penalty methodology?",doc_891;doc_915,regulatory,"CMS-specific content."
"How does the cardiac service line define mortality?",doc_122;doc_211,metric_definition,"Service-line-specific metric variant."
"What columns in the encounters table are PHI?",doc_330,governance,"Governance metadata."
"How do I aggregate by service line?",doc_055;doc_098,query_pattern,"Operational query construction."
"What's the right grain for a quarterly executive report?",doc_122;doc_731,reporting_guidance,"Reporting context."
"How do I handle null discharge dates?",doc_405,clinical_rule,"Edge case handling."
"Where is the canonical definition of admission?",doc_731,clinical_definition,"Foundational definition."
